280,4.72E-23,6.65E-05,0.00E+00
280.5,1.23E-21,1.73E-03,3.19E-22
281,5.67E-21,8.03E-03,2.04E-21
281.5,1.56E-19,2.21E-01,4.25E-20
282,1.19E-18,1.69E+00,3.79E-19
282.5,4.53E-18,6.44E+00,1.81E-18
283,1.84E-17,2.62E+01,7.54E-18
283.5,3.53E-17,5.03E+01,2.10E-17
284,7.25E-16,1.04E+03,2.11E-16
284.5,2.48E-15,3.55E+03,1.01E-15
285,7.99E-15,1.15E+04,3.63E-15
285.5,4.25E-14,6.11E+04,1.62E-14
286,1.36E-13,1.96E+05,6.10E-14
286.5,8.36E-13,1.21E+06,3.04E-13
287,2.73E-12,3.94E+06,1.20E-12
287.5,1.09E-11,1.57E+07,4.60E-12
288,6.22E-11,9.01E+07,2.29E-11
288.5,1.71E-10,2.49E+08,8.12E-11
289,5.61E-10,8.16E+08,2.64E-10
289.5,2.07E-09,3.02E+09,9.22E-10
290,6.00E-09,8.76E+09,2.94E-09
290.5,1.37E-08,2.01E+10,7.87E-09
291,3.50E-08,5.12E+10,2.00E-08
291.5,1.09E-07,1.60E+11,5.60E-08
292,2.68E-07,3.93E+11,1.50E-07
292.5,4.26E-07,6.27E+11,3.23E-07
293,8.62E-07,1.27E+12,6.45E-07
293.5,2.26E-06,3.35E+12,1.43E-06
294,4.16E-06,6.16E+12,3.03E-06
294.5,6.57E-06,9.74E+12,5.72E-06
295,1.23E-05,1.82E+13,1.04E-05
295.5,2.77E-05,4.13E+13,2.04E-05
296,4.78E-05,7.12E+13,3.93E-05
296.5,7.11E-05,1.06E+14,6.90E-05
297,9.65E-05,1.44E+14,1.11E-04
297.5,1.86E-04,2.78E+14,1.81E-04
298,2.89E-04,4.34E+14,3.00E-04
298.5,3.57E-04,5.36E+14,4.62E-04
299,4.91E-04,7.39E+14,6.73E-04
299.5,8.58E-04,1.29E+15,1.01E-03
300,0.001,1.54E+15,0
300.5,0.0012,1.88E+15,0
301,0.0019,2.92E+15,0
301.5,0.0027,4.07E+15,0
302,0.0029,4.43E+15,0.01
302.5,0.0043,6.51E+15,0.01
303,0.0071,1.08E+16,0.01
303.5,0.009,1.37E+16,0.01
304,0.0094,1.45E+16,0.02
304.5,0.0119,1.83E+16,0.02
305,0.0164,2.52E+16,0.03
305.5,0.0187,2.87E+16,0.04
306,0.0185,2.85E+16,0.05
306.5,0.021,3.25E+16,0.06
307,0.0278,4.29E+16,0.07
307.5,0.0355,5.50E+16,0.09
308,0.0377,5.85E+16,0.11
308.5,0.0413,6.42E+16,0.13
309,0.0404,6.29E+16,0.15
309.5,0.0432,6.73E+16,0.17
310,0.0508,7.93E+16,0.19
310.5,0.0653,1.02E+17,0.22
311,0.0827,1.29E+17,0.26
311.5,0.0838,1.32E+17,0.3
312,0.0931,1.46E+17,0.34
312.5,0.0987,1.55E+17,0.39
313,0.107,1.69E+17,0.44
313.5,0.1073,1.69E+17,0.49
314,0.1193,1.89E+17,0.55
314.5,0.1302,2.06E+17,0.61
315,0.1359,2.15E+17,0.68
315.5,0.118,1.88E+17,0.74
316,0.1231,1.96E+17,0.8
316.5,0.1499,2.39E+17,0.87
317,0.1711,2.73E+17,0.95
317.5,0.1819,2.91E+17,1.04
318,0.1754,2.81E+17,1.13
318.5,0.1854,2.97E+17,1.22
319,0.2041,3.28E+17,1.32
319.5,0.1953,3.14E+17,1.42
320,0.2047,3.30E+17,1.52
320.5,0.2445,3.95E+17,1.63
321,0.2495,4.03E+17,1.75
321.5,0.2377,3.85E+17,1.88
322,0.2214,3.59E+17,1.99
322.5,0.2165,3.51E+17,2.1
323,0.2116,3.44E+17,2.21
323.5,0.2479,4.04E+17,2.32
324,0.2746,4.48E+17,2.45
324.5,0.2824,4.61E+17,2.59
325,0.2781,4.55E+17,2.73
325.5,0.3234,5.30E+17,2.88
326,0.3801,6.24E+17,3.06
326.5,0.406,6.67E+17,3.25
327,0.3969,6.53E+17,3.45
327.5,0.3835,6.32E+17,3.65
328,0.3501,5.78E+17,3.83
328.5,0.3706,6.13E+17,4.01
329,0.4211,6.98E+17,4.21
329.5,0.4674,7.75E+17,4.43
330,0.47,7.81E+17,4.67
330.5,0.4268,7.10E+17,4.89
331,0.4015,6.69E+17,5.1
331.5,0.4168,6.96E+17,5.3
332,0.435,7.27E+17,5.52
332.5,0.4379,7.33E+17,5.74
333,0.4282,7.18E+17,5.95
333.5,0.4061,6.82E+17,6.16
334,0.4138,6.96E+17,6.37
334.5,0.4438,7.47E+17,6.58
335,0.4625,7.80E+17,6.81
335.5,0.4518,7.63E+17,7.03
336,0.414,7.00E+17,7.25
336.5,0.381,6.46E+17,7.45
337,0.3727,6.32E+17,7.64
337.5,0.3993,6.79E+17,7.83
338,0.4329,7.37E+17,8.04
338.5,0.4539,7.74E+17,8.26
339,0.4622,7.89E+17,8.49
339.5,0.4731,8.09E+17,8.72
340,0.5003,8.56E+17,8.97
340.5,0.4993,8.56E+17,9.22
341,0.47,8.07E+17,9.46
341.5,0.468,8.05E+17,9.69
342,0.4879,8.40E+17,9.93
342.5,0.5062,8.73E+17,10.18
343,0.5134,8.87E+17,10.44
343.5,0.4847,8.38E+17,10.69
344,0.4172,7.23E+17,10.91
344.5,0.4019,6.97E+17,11.12
345,0.4576,7.95E+17,11.33
345.5,0.4879,8.49E+17,11.57
346,0.4764,8.30E+17,11.81
346.5,0.4852,8.46E+17,12.05
347,0.4926,8.61E+17,12.29
347.5,0.4754,8.32E+17,12.54
348,0.4737,8.30E+17,12.77
348.5,0.482,8.46E+17,13.01
349,0.4643,8.16E+17,13.25
349.5,0.4767,8.39E+17,13.48
350,0.5264,9.28E+17,13.73
350.5,0.5658,9.98E+17,14.01
351,0.5501,9.72E+17,14.29
351.5,0.5287,9.36E+17,14.56
352,0.5164,9.15E+17,14.82
352.5,0.4882,8.66E+17,15.07
353,0.5189,9.22E+17,15.32
353.5,0.5706,1.02E+18,15.59
354,0.6032,1.08E+18,15.89
354.5,0.6098,1.09E+18,16.19
355,0.6096,1.09E+18,16.49
355.5,0.5886,1.05E+18,16.79
356,0.5523,9.90E+17,17.08
356.5,0.5179,9.30E+17,17.35
357,0.4554,8.18E+17,17.59
357.5,0.4608,8.29E+17,17.82
358,0.4288,7.73E+17,18.04
358.5,0.3981,7.19E+17,18.25
359,0.4682,8.46E+17,18.46
359.5,0.5639,1.02E+18,18.72
360,0.5964,1.08E+18,19.01
360.5,0.5637,1.02E+18,19.3
361,0.5187,9.43E+17,19.57
361.5,0.5081,9.25E+17,19.83
362,0.5327,9.71E+17,20.09
362.5,0.5834,1.07E+18,20.37
363,0.6002,1.10E+18,20.66
363.5,0.5837,1.07E+18,20.96
364,0.6045,1.11E+18,21.26
364.5,0.5988,1.10E+18,21.56
365,0.6218,1.14E+18,21.86
365.5,0.6843,1.26E+18,22.19
366,0.7332,1.35E+18,22.54
366.5,0.7344,1.36E+18,22.91
367,0.7208,1.33E+18,23.28
367.5,0.7071,1.31E+18,23.63
368,0.6657,1.23E+18,23.98
368.5,0.6612,1.23E+18,24.31
369,0.6911,1.28E+18,24.65
369.5,0.7425,1.38E+18,25
370,0.7529,1.40E+18,25.38
370.5,0.6806,1.27E+18,25.74
371,0.6914,1.29E+18,26.08
371.5,0.7184,1.34E+18,26.43
372,0.6725,1.26E+18,26.78
372.5,0.6407,1.20E+18,27.11
373,0.6171,1.16E+18,27.42
373.5,0.5562,1.05E+18,27.72
374,0.5548,1.05E+18,27.99
374.5,0.5507,1.04E+18,28.27
375,0.5876,1.11E+18,28.55
375.5,0.6497,1.23E+18,28.86
376,0.6728,1.27E+18,29.19
376.5,0.662,1.26E+18,29.53
377,0.7102,1.35E+18,29.87
377.5,0.7922,1.51E+18,30.25
378,0.8535,1.62E+18,30.66
378.5,0.8318,1.59E+18,31.08
379,0.7417,1.42E+18,31.47
379.5,0.6649,1.27E+18,31.82
380,0.6987,1.34E+18,32.17
380.5,0.7486,1.43E+18,32.53
381,0.7616,1.46E+18,32.9
381.5,0.6864,1.32E+18,33.27
382,0.5851,1.13E+18,33.58
382.5,0.5061,9.75E+17,33.86
383,0.4537,8.75E+17,34.1
383.5,0.4392,8.48E+17,34.32
384,0.5082,9.82E+17,34.56
384.5,0.6118,1.18E+18,34.84
385,0.6716,1.30E+18,35.16
385.5,0.6418,1.25E+18,35.49
386,0.6192,1.20E+18,35.8
386.5,0.6438,1.25E+18,36.12
387,0.6496,1.27E+18,36.44
387.5,0.6402,1.25E+18,36.76
388,0.634,1.24E+18,37.08
388.5,0.6295,1.23E+18,37.4
389,0.6834,1.34E+18,37.73
389.5,0.7575,1.49E+18,38.09
390,0.7947,1.56E+18,38.47
390.5,0.8014,1.58E+18,38.87
391,0.8489,1.67E+18,39.29
391.5,0.8609,1.70E+18,39.71
392,0.7926,1.56E+18,40.13
392.5,0.6606,1.31E+18,40.49
393,0.4784,9.46E+17,40.77
393.5,0.3804,7.54E+17,40.99
394,0.4942,9.80E+17,41.21
394.5,0.6819,1.35E+18,41.5
395,0.8054,1.60E+18,41.87
395.5,0.8579,1.71E+18,42.29
396,0.7544,1.50E+18,42.69
396.5,0.5486,1.10E+18,43.02
397,0.425,8.49E+17,43.26
397.5,0.6276,1.26E+18,43.52
398,0.85,1.70E+18,43.89
398.5,1.004,2.01E+18,44.36
399,1.0662,2.14E+18,44.88
399.5,1.0989,2.21E+18,45.42
400,1.1109,2.24E+18,45.97
401,1.1569,2.34E+18,47.1
402,1.2026,2.43E+18,48.28
403,1.1579,2.35E+18,49.46
404,1.1767,2.39E+18,50.63
405,1.1478,2.34E+18,51.79
406,1.1194,2.29E+18,52.93
407,1.0994,2.25E+18,54.04
408,1.1481,2.36E+18,55.16
409,1.2263,2.53E+18,56.35
410,1.0455,2.16E+18,57.48
411,1.1704,2.42E+18,58.59
412,1.2442,2.58E+18,59.8
413,1.1936,2.48E+18,61.02
414,1.1808,2.46E+18,62.2
415,1.2222,2.55E+18,63.41
416,1.2587,2.64E+18,64.65
417,1.2276,2.58E+18,65.89
418,1.1743,2.47E+18,67.09
419,1.2222,2.58E+18,68.29
420,1.1199,2.37E+18,69.46
421,1.272,2.70E+18,70.66
422,1.2547,2.67E+18,71.92
423,1.2149,2.59E+18,73.15
424,1.2082,2.58E+18,74.36
425,1.2452,2.66E+18,75.59
426,1.21,2.60E+18,76.82
427,1.169,2.51E+18,78.01
428,1.1805,2.54E+18,79.18
429,1.0931,2.36E+18,80.32
430,0.8721,1.89E+18,81.3
431,0.7916,1.72E+18,82.13
432,1.3169,2.86E+18,83.19
433,1.2252,2.67E+18,84.46
434,1.1319,2.47E+18,85.64
435,1.2416,2.72E+18,86.83
436,1.3619,2.99E+18,88.13
437,1.3903,3.06E+18,89.5
438,1.2203,2.69E+18,90.81
439,1.1741,2.60E+18,92.01
440,1.346,2.98E+18,93.27
441,1.3274,2.95E+18,94.6
442,1.4209,3.16E+18,95.98
443,1.4411,3.21E+18,97.41
444,1.4043,3.14E+18,98.83
445,1.4577,3.27E+18,100.26
446,1.307,2.93E+18,101.64
447,1.486,3.34E+18,103.04
448,1.5037,3.39E+18,104.53
449,1.5001,3.39E+18,106.04
450,1.555,3.52E+18,107.56
451,1.6126,3.66E+18,109.15
452,1.5437,3.51E+18,110.73
453,1.4256,3.25E+18,112.21
454,1.5291,3.50E+18,113.69
455,1.518,3.48E+18,115.21
456,1.5678,3.60E+18,116.75
457,1.5808,3.64E+18,118.33
458,1.5469,3.57E+18,119.89
459,1.5346,3.55E+18,121.43
460,1.5247,3.53E+18,122.96
461,1.5781,3.66E+18,124.51
462,1.5929,3.71E+18,126.1
463,1.5985,3.73E+18,127.7
464,1.5499,3.62E+18,129.27
465,1.5305,3.58E+18,130.81
466,1.5628,3.67E+18,132.36
467,1.493,3.51E+18,133.88
468,1.5574,3.67E+18,135.41
469,1.5637,3.69E+18,136.97
470,1.5033,3.56E+18,138.5
471,1.5287,3.62E+18,140.02
472,1.6079,3.82E+18,141.59
473,1.5454,3.68E+18,143.16
474,1.5626,3.73E+18,144.72
475,1.6138,3.86E+18,146.31
476,1.5586,3.74E+18,147.89
477,1.5678,3.77E+18,149.46
478,1.6183,3.89E+18,151.05
479,1.587,3.83E+18,152.65
480,1.6134,3.90E+18,154.25
481,1.613,3.91E+18,155.87
482,1.6189,3.93E+18,157.48
483,1.5991,3.89E+18,159.09
484,1.5688,3.82E+18,160.67
485,1.5638,3.82E+18,162.24
486,1.2679,3.10E+18,163.66
487,1.42,3.48E+18,165
488,1.5368,3.78E+18,166.48
489,1.4477,3.56E+18,167.97
490,1.6177,3.99E+18,169.5
491,1.555,3.84E+18,171.09
492,1.4826,3.67E+18,172.61
493,1.5857,3.94E+18,174.14
494,1.548,3.85E+18,175.71
495,1.6437,4.10E+18,177.31
496,1.5631,3.90E+18,178.91
497,1.5898,3.98E+18,180.49
498,1.5464,3.88E+18,182.05
499,1.5462,3.88E+18,183.6
500,1.5406,3.88E+18,185.14
501,1.4935,3.77E+18,186.66
502,1.4923,3.77E+18,188.15
503,1.5608,3.95E+18,189.68
504,1.4545,3.69E+18,191.19
505,1.559,3.96E+18,192.69
506,1.6217,4.13E+18,194.28
507,1.5515,3.96E+18,195.87
508,1.5121,3.87E+18,197.4
509,1.5847,4.06E+18,198.95
510,1.5436,3.96E+18,200.52
511,1.5723,4.05E+18,202.07
512,1.6139,4.16E+18,203.67
513,1.5162,3.92E+18,205.23
514,1.4842,3.84E+18,206.73
515,1.527,3.96E+18,208.24
516,1.541,4.00E+18,209.77
517,1.2557,3.27E+18,211.17
518,1.4361,3.75E+18,212.52
519,1.3917,3.64E+18,213.93
520,1.5192,3.98E+18,215.38
521,1.5301,4.01E+18,216.91
522,1.5644,4.11E+18,218.46
523,1.4746,3.88E+18,219.98
524,1.5859,4.18E+18,221.51
525,1.5735,4.16E+18,223.09
526,1.5297,4.05E+18,224.64
527,1.3378,3.55E+18,226.07
528,1.5312,4.07E+18,227.51
529,1.6024,4.27E+18,229.07
530,1.5401,4.11E+18,230.64
531,1.6245,4.34E+18,232.23
532,1.5952,4.27E+18,233.84
533,1.4245,3.82E+18,235.35
534,1.5258,4.10E+18,236.82
535,1.549,4.17E+18,238.36
536,1.6152,4.36E+18,239.94
537,1.4946,4.04E+18,241.5
538,1.5692,4.25E+18,243.03
539,1.5307,4.15E+18,244.58
540,1.4782,4.02E+18,246.08
541,1.421,3.87E+18,247.53
542,1.5466,4.22E+18,249.02
543,1.5212,4.16E+18,250.55
544,1.5746,4.31E+18,252.1
545,1.539,4.22E+18,253.65
546,1.5247,4.19E+18,255.19
547,1.5445,4.25E+18,256.72
548,1.5005,4.14E+18,258.24
549,1.5475,4.28E+18,259.77
550,1.5354,4.25E+18,261.31
551,1.5337,4.25E+18,262.84
552,1.5651,4.35E+18,264.39
553,1.5206,4.23E+18,265.94
554,1.5504,4.32E+18,267.47
555,1.5589,4.36E+18,269.03
556,1.5321,4.29E+18,270.57
557,1.4945,4.19E+18,272.08
558,1.5266,4.29E+18,273.59
559,1.4441,4.06E+18,275.08
560,1.4697,4.14E+18,276.54
561,1.555,4.39E+18,278.05
562,1.4804,4.19E+18,279.57
563,1.5363,4.35E+18,281.08
564,1.5062,4.28E+18,282.6
565,1.5157,4.31E+18,284.11
566,1.4332,4.08E+18,285.58
567,1.5276,4.36E+18,287.06
568,1.5136,4.33E+18,288.58
569,1.4764,4.23E+18,290.08
570,1.4773,4.24E+18,291.55
571,1.4289,4.11E+18,293.01
572,1.509,4.35E+18,294.48
573,1.5154,4.37E+18,295.99
574,1.5075,4.36E+18,297.5
575,1.4734,4.27E+18,298.99
576,1.4612,4.24E+18,300.46
577,1.4979,4.35E+18,301.94
578,1.4518,4.22E+18,303.41
579,1.4727,4.29E+18,304.87
580,1.4976,4.37E+18,306.36
581,1.5045,4.40E+18,307.86
582,1.5276,4.48E+18,309.38
583,1.5434,4.53E+18,310.91
584,1.5403,4.53E+18,312.45
585,1.528,4.50E+18,313.99
586,1.491,4.40E+18,315.5
587,1.5237,4.50E+18,317.01
588,1.4891,4.41E+18,318.51
589,1.2857,3.81E+18,319.9
590,1.3669,4.06E+18,321.23
591,1.4619,4.35E+18,322.64
592,1.4312,4.27E+18,324.09
593,1.4519,4.33E+18,325.53
594,1.4449,4.32E+18,326.98
595,1.4267,4.27E+18,328.41
596,1.4702,4.41E+18,329.86
597,1.4745,4.43E+18,331.33
598,1.4565,4.38E+18,332.8
599,1.4564,4.39E+18,334.25
600,1.471,4.44E+18,335.72
601,1.4537,4.40E+18,337.18
602,1.4318,4.34E+18,338.62
603,1.4621,4.44E+18,340.07
604,1.4878,4.52E+18,341.55
605,1.4852,4.52E+18,343.03
606,1.4779,4.51E+18,344.51
607,1.4868,4.54E+18,346
608,1.4819,4.54E+18,347.48
609,1.4706,4.51E+18,348.96
610,1.4643,4.50E+18,350.42
611,1.4569,4.48E+18,351.88
612,1.4788,4.56E+18,353.35
613,1.4579,4.50E+18,354.82
614,1.4135,4.37E+18,356.26
615,1.4654,4.54E+18,357.7
616,1.4269,4.43E+18,359.14
617,1.4087,4.38E+18,360.56
618,1.4621,4.55E+18,362
619,1.469,4.58E+18,363.46
620,1.4696,4.59E+18,364.93
621,1.4759,4.61E+18,366.4
622,1.4228,4.46E+18,367.85
623,1.4124,4.43E+18,369.27
624,1.4077,4.42E+18,370.68
625,1.3985,4.40E+18,372.08
626,1.3971,4.40E+18,373.48
627,1.4375,4.54E+18,374.9
628,1.3591,4.30E+18,376.3
629,1.4073,4.46E+18,377.68
630,1.3884,4.40E+18,379.08
631,1.412,4.49E+18,380.48
632,1.3598,4.33E+18,381.86
633,1.4466,4.61E+18,383.27
634,1.4243,4.55E+18,384.7
635,1.4416,4.61E+18,386.14
636,1.4087,4.51E+18,387.56
637,1.4568,4.67E+18,388.99
638,1.4664,4.71E+18,390.45
639,1.4604,4.70E+18,391.92
640,1.4298,4.61E+18,393.36
641,1.4306,4.62E+18,394.79
642,1.4334,4.63E+18,396.23
643,1.4483,4.69E+18,397.67
644,1.442,4.68E+18,399.11
645,1.4525,4.72E+18,400.56
646,1.4109,4.59E+18,401.99
647,1.4045,4.58E+18,403.4
648,1.3912,4.54E+18,404.8
649,1.348,4.40E+18,406.17
650,1.3555,4.44E+18,407.52
651,1.4405,4.72E+18,408.92
652,1.3831,4.54E+18,410.33
653,1.4269,4.69E+18,411.73
654,1.4112,4.65E+18,413.15
655,1.346,4.44E+18,414.53
656,1.1817,3.90E+18,415.79
657,1.2357,4.09E+18,417
658,1.3815,4.58E+18,418.31
659,1.3865,4.60E+18,419.69
660,1.3951,4.64E+18,421.09
661,1.3893,4.62E+18,422.48
662,1.3779,4.59E+18,423.86
663,1.3804,4.61E+18,425.24
664,1.3926,4.66E+18,426.63
665,1.4173,4.75E+18,428.03
666,1.4162,4.75E+18,429.45
667,1.4061,4.72E+18,430.86
668,1.4109,4.74E+18,432.27
669,1.4352,4.83E+18,433.69
670,1.4155,4.77E+18,435.12
671,1.4128,4.77E+18,436.53
672,1.3931,4.71E+18,437.93
673,1.4053,4.76E+18,439.33
674,1.4033,4.76E+18,440.74
675,1.3918,4.73E+18,442.14
676,1.4079,4.79E+18,443.53
677,1.395,4.75E+18,444.94
678,1.4025,4.79E+18,446.34
679,1.3907,4.75E+18,447.73
680,1.3928,4.77E+18,449.12
681,1.3875,4.76E+18,450.51
682,1.394,4.79E+18,451.9
683,1.379,4.74E+18,453.29
684,1.3699,4.72E+18,454.67
685,1.3708,4.73E+18,456.04
686,1.3399,4.63E+18,457.39
687,0.9654,3.34E+18,458.54
688,1.1174,3.87E+18,459.59
689,1.1245,3.90E+18,460.71
690,1.1787,4.09E+18,461.86
691,1.2297,4.28E+18,463.06
692,1.2652,4.41E+18,464.31
693,1.2572,4.39E+18,465.57
694,1.2428,4.34E+18,466.82
695,1.2677,4.44E+18,468.08
696,1.2647,4.43E+18,469.34
697,1.3364,4.69E+18,470.64
698,1.3154,4.62E+18,471.97
699,1.2881,4.53E+18,473.27
700,1.2786,4.51E+18,474.55
701,1.2622,4.45E+18,475.82
702,1.2637,4.47E+18,477.09
703,1.271,4.50E+18,478.35
704,1.304,4.62E+18,479.64
705,1.3176,4.68E+18,480.95
706,1.3106,4.66E+18,482.27
707,1.3052,4.65E+18,483.57
708,1.301,4.64E+18,484.88
709,1.3057,4.66E+18,486.18
710,1.3137,4.70E+18,487.49
711,1.3117,4.70E+18,488.8
712,1.3033,4.67E+18,490.11
713,1.2881,4.62E+18,491.41
714,1.2991,4.67E+18,492.7
715,1.255,4.52E+18,493.98
716,1.2679,4.57E+18,495.24
717,1.1039,3.98E+18,496.42
718,1.0266,3.71E+18,497.49
719,0.9205,3.33E+18,498.46
720,0.9826,3.56E+18,499.42
721,1.083,3.93E+18,500.45
722,1.2371,4.50E+18,501.61
723,1.1411,4.15E+18,502.8
724,1.0524,3.84E+18,503.89
725,1.035,3.78E+18,504.94
726,1.0782,3.94E+18,505.99
727,1.0819,3.96E+18,507.07
728,1.037,3.80E+18,508.13
729,1.0436,3.83E+18,509.17
730,1.1252,4.14E+18,510.26
731,1.0672,3.93E+18,511.35
732,1.1501,4.24E+18,512.46
733,1.1927,4.40E+18,513.63
734,1.2321,4.55E+18,514.85
735,1.2143,4.49E+18,516.07
736,1.2024,4.46E+18,517.28
737,1.2004,4.45E+18,518.48
738,1.2233,4.55E+18,519.69
739,1.187,4.42E+18,520.9
740,1.216,4.53E+18,522.1
741,1.2113,4.52E+18,523.31
742,1.2118,4.53E+18,524.52
743,1.2369,4.63E+18,525.75
744,1.2467,4.67E+18,526.99
745,1.2461,4.67E+18,528.24
746,1.2434,4.67E+18,529.48
747,1.2441,4.68E+18,530.72
748,1.2365,4.66E+18,531.96
749,1.2321,4.65E+18,533.2
750,1.2305,4.65E+18,534.43
751,1.225,4.63E+18,535.66
752,1.2294,4.65E+18,536.89
753,1.223,4.64E+18,538.11
754,1.2384,4.70E+18,539.34
755,1.2347,4.69E+18,540.58
756,1.2197,4.64E+18,541.81
757,1.2186,4.64E+18,543.03
758,1.2259,4.68E+18,544.25
759,1.191,4.55E+18,545.46
760,0.2653,1.02E+18,546.18
761,0.1535,5.88E+17,546.39
762,0.6857,2.63E+18,546.81
763,0.3784,1.45E+18,547.35
764,0.5372,2.07E+18,547.8
765,0.684,2.63E+18,548.41
766,0.8122,3.13E+18,549.16
767,0.9713,3.75E+18,550.05
768,1.1106,4.29E+18,551.09
769,1.1245,4.35E+18,552.21
770,1.1574,4.49E+18,553.35
771,1.1652,4.52E+18,554.51
772,1.1744,4.56E+18,555.68
773,1.1737,4.57E+18,556.86
774,1.1737,4.57E+18,558.03
775,1.1737,4.58E+18,559.21
776,1.1764,4.60E+18,560.38
777,1.1693,4.57E+18,561.55
778,1.1679,4.57E+18,562.72
779,1.1731,4.60E+18,563.89
780,1.1602,4.56E+18,565.06
781,1.1573,4.55E+18,566.22
782,1.1628,4.58E+18,567.38
783,1.158,4.57E+18,568.54
784,1.1503,4.54E+18,569.69
785,1.1552,4.57E+18,570.85
786,1.1558,4.57E+18,572
787,1.1417,4.52E+18,573.15
788,1.1272,4.47E+18,574.28
789,1.1224,4.46E+18,575.41
790,1.0878,4.33E+18,576.51
791,1.1026,4.39E+18,577.61
792,1.0921,4.35E+18,578.71
793,1.0843,4.33E+18,579.79
794,1.094,4.37E+18,580.88
795,1.09,4.36E+18,581.98
796,1.0711,4.29E+18,583.06
797,1.0881,4.37E+18,584.14
798,1.1089,4.46E+18,585.23
799,1.0873,4.37E+18,586.33
800,1.0694,4.31E+18,587.41
801,1.0812,4.36E+18,588.49
802,1.0825,4.37E+18,589.57
803,1.0626,4.30E+18,590.64
804,1.0751,4.35E+18,591.71
805,1.0514,4.26E+18,592.77
806,1.0942,4.44E+18,593.85
807,1.0828,4.40E+18,594.93
808,1.079,4.39E+18,596.01
809,1.0517,4.28E+18,597.08
810,1.0528,4.29E+18,598.13
811,1.0502,4.29E+18,599.18
812,1.0238,4.19E+18,600.22
813,1.0057,4.12E+18,601.24
814,0.9009,3.69E+18,602.19
815,0.8926,3.66E+18,603.09
816,0.8297,3.41E+18,603.95
817,0.8494,3.49E+18,604.79
818,0.8202,3.38E+18,605.62
819,0.9026,3.72E+18,606.48
820,0.8594,3.55E+18,607.36
821,0.9947,4.11E+18,608.29
822,0.9488,3.93E+18,609.26
823,0.6708,2.78E+18,610.07
824,0.9323,3.87E+18,610.87
825,0.9665,4.01E+18,611.82
826,0.9311,3.87E+18,612.77
827,0.9818,4.09E+18,613.73
828,0.8473,3.53E+18,614.64
829,0.9266,3.87E+18,615.53
830,0.9134,3.82E+18,616.45
831,0.9212,3.85E+18,617.37
832,0.8917,3.74E+18,618.27
833,0.9537,4.00E+18,619.2
834,0.9314,3.91E+18,620.14
835,1.0003,4.21E+18,621.11
836,0.9695,4.08E+18,622.09
837,1.0063,4.24E+18,623.08
838,0.9961,4.20E+18,624.08
839,0.9984,4.22E+18,625.08
840,1.0128,4.28E+18,626.08
841,1.0072,4.26E+18,627.09
842,0.9941,4.21E+18,628.09
843,1.0024,4.25E+18,629.09
844,0.9834,4.18E+18,630.08
845,1.0136,4.31E+18,631.08
846,1.0157,4.33E+18,632.1
847,0.9888,4.22E+18,633.1
848,0.9893,4.22E+18,634.09
849,0.9831,4.20E+18,635.07
850,0.8911,3.81E+18,636.01
851,0.9721,4.16E+18,636.94
852,0.9665,4.15E+18,637.91
853,0.9621,4.13E+18,638.88
854,0.8487,3.65E+18,639.78
855,0.9104,3.92E+18,640.66
856,0.9703,4.18E+18,641.6
857,0.9888,4.27E+18,642.58
858,0.9891,4.27E+18,643.57
859,0.9888,4.28E+18,644.56
860,0.9853,4.27E+18,645.55
861,0.9839,4.27E+18,646.53
862,0.9916,4.30E+18,647.52
863,0.9976,4.33E+18,648.51
864,0.9763,4.25E+18,649.5
865,0.9604,4.18E+18,650.47
866,0.8465,3.69E+18,651.37
867,0.9128,3.98E+18,652.25
868,0.9564,4.18E+18,653.19
869,0.9468,4.14E+18,654.14
870,0.9647,4.23E+18,655.09
871,0.9511,4.17E+18,656.05
872,0.9641,4.23E+18,657.01
873,0.9544,4.19E+18,657.97
874,0.9377,4.13E+18,658.91
875,0.9242,4.07E+18,659.85
876,0.95,4.19E+18,660.78
877,0.9534,4.21E+18,661.73
878,0.9496,4.20E+18,662.69
879,0.9338,4.13E+18,663.63
880,0.9368,4.15E+18,664.56
881,0.906,4.02E+18,665.48
882,0.9297,4.13E+18,666.4
883,0.9266,4.12E+18,667.33
884,0.9303,4.14E+18,668.26
885,0.9415,4.19E+18,669.19
886,0.9049,4.04E+18,670.12
887,0.908,4.05E+18,671.02
888,0.9196,4.11E+18,671.94
889,0.9318,4.17E+18,672.86
890,0.9213,4.13E+18,673.79
891,0.9232,4.14E+18,674.71
892,0.9062,4.07E+18,675.63
893,0.8707,3.91E+18,676.52
894,0.8488,3.82E+18,677.38
895,0.8112,3.66E+18,678.21
896,0.7603,3.43E+18,678.99
897,0.6637,3.00E+18,679.7
898,0.7157,3.24E+18,680.39
899,0.5471,2.48E+18,681.02
900,0.7404,3.36E+18,681.67
901,0.5976,2.71E+18,682.34
902,0.666,3.02E+18,682.97
903,0.6869,3.12E+18,683.65
904,0.8421,3.83E+18,684.41
905,0.8147,3.71E+18,685.24
906,0.7733,3.53E+18,686.03
907,0.6367,2.91E+18,686.74
908,0.6503,2.97E+18,687.38
909,0.7023,3.21E+18,688.06
910,0.6229,2.85E+18,688.72
911,0.6661,3.06E+18,689.36
912,0.6869,3.15E+18,690.04
913,0.6265,2.88E+18,690.7
914,0.6247,2.87E+18,691.32
915,0.6764,3.12E+18,691.97
916,0.5748,2.65E+18,692.6
917,0.7281,3.36E+18,693.25
918,0.591,2.73E+18,693.91
919,0.7366,3.41E+18,694.57
920,0.742,3.44E+18,695.31
921,0.7782,3.61E+18,696.07
922,0.6982,3.24E+18,696.81
923,0.7429,3.45E+18,697.53
924,0.7194,3.35E+18,698.26
925,0.709,3.30E+18,698.98
926,0.7013,3.27E+18,699.68
927,0.7851,3.66E+18,700.43
928,0.588,2.75E+18,701.11
929,0.5497,2.57E+18,701.68
930,0.4308,2.02E+18,702.17
931,0.408,1.91E+18,702.59
932,0.3,1.41E+18,702.95
933,0.2477,1.16E+18,703.22
934,0.1434,6.74E+17,703.41
935,0.2501,1.18E+18,703.61
936,0.161,7.58E+17,703.82
937,0.1629,7.68E+17,703.98
938,0.2,9.44E+17,704.16
939,0.3977,1.88E+18,704.46
940,0.4704,2.23E+18,704.89
941,0.3709,1.76E+18,705.31
942,0.4041,1.92E+18,705.7
943,0.2775,1.32E+18,706.04
944,0.285,1.35E+18,706.32
945,0.3671,1.75E+18,706.65
946,0.194,9.24E+17,706.93
947,0.37,1.76E+18,707.21
948,0.2734,1.31E+18,707.53
949,0.4925,2.35E+18,707.92
950,0.1468,7.02E+17,708.24
951,0.4824,2.31E+18,708.55
952,0.2681,1.29E+18,708.93
953,0.3426,1.64E+18,709.23
954,0.4229,2.03E+18,709.61
955,0.3402,1.64E+18,710
956,0.3273,1.58E+18,710.33
957,0.2699,1.30E+18,710.63
958,0.4597,2.22E+18,710.99
959,0.3728,1.80E+18,711.41
960,0.4194,2.03E+18,711.81
961,0.4599,2.23E+18,712.25
962,0.4405,2.13E+18,712.7
963,0.5036,2.44E+18,713.17
964,0.4573,2.22E+18,713.65
965,0.5023,2.44E+18,714.13
966,0.5013,2.44E+18,714.63
967,0.5009,2.44E+18,715.13
968,0.6502,3.17E+18,715.71
969,0.6842,3.34E+18,716.37
970,0.6328,3.09E+18,717.03
971,0.7119,3.48E+18,717.7
972,0.6857,3.36E+18,718.4
973,0.6047,2.96E+18,719.05
974,0.5736,2.81E+18,719.64
975,0.5882,2.89E+18,720.22
976,0.5703,2.80E+18,720.8
977,0.6368,3.13E+18,721.4
978,0.6133,3.02E+18,722.03
979,0.6363,3.14E+18,722.65
980,0.6029,2.97E+18,723.27
981,0.7113,3.51E+18,723.93
982,0.6902,3.41E+18,724.63
983,0.6667,3.30E+18,725.31
984,0.7352,3.64E+18,726.01
985,0.6862,3.40E+18,726.72
986,0.7487,3.72E+18,727.44
987,0.7371,3.66E+18,728.18
988,0.7325,3.64E+18,728.91
989,0.7469,3.72E+18,729.65
990,0.7301,3.64E+18,730.39
991,0.7514,3.75E+18,731.13
992,0.7488,3.74E+18,731.88
993,0.7351,3.68E+18,732.62
994,0.7519,3.76E+18,733.37
995,0.7496,3.76E+18,734.12
996,0.7467,3.74E+18,734.87
997,0.7376,3.70E+18,735.61
998,0.7367,3.70E+18,736.35
999,0.7364,3.70E+18,737.08
1000,0.7332,3.69E+18,737.82
1001,0.7423,3.74E+18,738.56
1002,0.7259,3.66E+18,739.29
1003,0.7323,3.70E+18,740.02
1004,0.7213,3.65E+18,740.75
1005,0.6798,3.44E+18,741.45
1006,0.7105,3.60E+18,742.14
1007,0.7254,3.68E+18,742.86
1008,0.7247,3.68E+18,743.58
1009,0.7176,3.65E+18,744.3
1010,0.7171,3.65E+18,745.02
1011,0.7207,3.67E+18,745.74
1012,0.7167,3.65E+18,746.46
1013,0.7155,3.65E+18,747.18
1014,0.7186,3.67E+18,747.89
1015,0.7061,3.61E+18,748.61
1016,0.7092,3.63E+18,749.31
1017,0.7013,3.59E+18,750.02
1018,0.7121,3.65E+18,750.72
1019,0.6868,3.52E+18,751.42
1020,0.6969,3.58E+18,752.12
1021,0.6997,3.60E+18,752.81
1022,0.6877,3.54E+18,753.51
1023,0.6931,3.57E+18,754.2
1024,0.6886,3.55E+18,754.89
1025,0.6955,3.59E+18,755.58
1026,0.6943,3.59E+18,756.28
1027,0.691,3.57E+18,756.97
1028,0.6918,3.58E+18,757.66
1029,0.6843,3.55E+18,758.35
1030,0.6885,3.57E+18,759.04
1031,0.6854,3.56E+18,759.72
1032,0.6859,3.56E+18,760.41
1033,0.6742,3.51E+18,761.09
1034,0.6782,3.53E+18,761.76
1035,0.6804,3.55E+18,762.44
1036,0.68,3.55E+18,763.12
1037,0.673,3.51E+18,763.8
1038,0.6698,3.50E+18,764.47
1039,0.6744,3.53E+18,765.14
1040,0.6698,3.51E+18,765.82
1041,0.6698,3.51E+18,766.49
1042,0.6701,3.52E+18,767.16
1043,0.6633,3.48E+18,767.82
1044,0.6664,3.50E+18,768.49
1045,0.6626,3.49E+18,769.15
1046,0.6453,3.40E+18,769.81
1047,0.655,3.45E+18,770.46
1048,0.6608,3.49E+18,771.11
1049,0.657,3.47E+18,771.77
1050,0.6527,3.45E+18,772.43
1051,0.6533,3.46E+18,773.08
1052,0.6493,3.44E+18,773.73
1053,0.6473,3.43E+18,774.38
1054,0.6446,3.42E+18,775.03
1055,0.6466,3.43E+18,775.67
1056,0.6445,3.43E+18,776.32
1057,0.643,3.42E+18,776.96
1058,0.6363,3.39E+18,777.6
1059,0.617,3.29E+18,778.23
1060,0.634,3.38E+18,778.85
1061,0.6194,3.31E+18,779.48
1062,0.6308,3.37E+18,780.1
1063,0.6206,3.32E+18,780.73
1064,0.6301,3.38E+18,781.36
1065,0.6273,3.36E+18,781.98
1066,0.6153,3.30E+18,782.61
1067,0.6185,3.32E+18,783.22
1068,0.6176,3.32E+18,783.84
1069,0.5846,3.15E+18,784.44
1070,0.6029,3.25E+18,785.03
1071,0.6148,3.32E+18,785.64
1072,0.6136,3.31E+18,786.26
1073,0.6019,3.25E+18,786.87
1074,0.6198,3.35E+18,787.48
1075,0.5908,3.20E+18,788.08
1076,0.6129,3.32E+18,788.68
1077,0.6026,3.27E+18,789.29
1078,0.6015,3.26E+18,789.89
1079,0.603,3.28E+18,790.5
1080,0.5955,3.24E+18,791.1
1081,0.5791,3.15E+18,791.68
1082,0.5877,3.20E+18,792.27
1083,0.5964,3.25E+18,792.86
1084,0.5768,3.15E+18,793.44
1085,0.5916,3.23E+18,794.03
1086,0.5525,3.02E+18,794.6
1087,0.5653,3.09E+18,795.16
1088,0.5914,3.24E+18,795.74
1089,0.5775,3.17E+18,796.32
1090,0.5541,3.04E+18,796.89
1091,0.5866,3.22E+18,797.46
1092,0.5796,3.19E+18,798.04
1093,0.5091,2.80E+18,798.59
1094,0.5381,2.96E+18,799.11
1095,0.5192,2.86E+18,799.64
1096,0.5018,2.77E+18,800.15
1097,0.5768,3.19E+18,800.69
1098,0.5015,2.77E+18,801.23
1099,0.5062,2.80E+18,801.73
1100,0.4844,2.68E+18,802.23
1101,0.4955,2.75E+18,802.72
1102,0.4675,2.59E+18,803.2
1103,0.465,2.58E+18,803.66
1104,0.4663,2.59E+18,804.13
1105,0.505,2.81E+18,804.62
1106,0.3968,2.21E+18,805.07
1107,0.4816,2.68E+18,805.51
1108,0.4144,2.31E+18,805.95
1109,0.4116,2.30E+18,806.37
1110,0.4776,2.67E+18,806.81
1111,0.3306,1.85E+18,807.22
1112,0.4124,2.31E+18,807.59
1113,0.2677,1.50E+18,807.93
1114,0.299,1.68E+18,808.21
1115,0.2491,1.40E+18,808.48
1116,0.2008,1.13E+18,808.71
1117,0.0794,4.46E+17,808.85
1118,0.2169,1.22E+18,809
1119,0.1128,6.36E+17,809.16
1120,0.1415,7.98E+17,809.29
1121,0.1853,1.05E+18,809.45
1122,0.0814,4.60E+17,809.59
1123,0.1278,7.23E+17,809.69
1124,0.1084,6.13E+17,809.81
1125,0.1439,8.15E+17,809.93
1126,0.0514,2.92E+17,810.03
1127,0.1568,8.90E+17,810.14
1128,0.0989,5.62E+17,810.26
1129,0.1056,6.00E+17,810.37
1130,0.0704,4.00E+17,810.45
1131,0.2947,1.68E+18,810.64
1132,0.2334,1.33E+18,810.9
1133,0.1529,8.72E+17,811.09
1134,0.0416,2.38E+17,811.19
1135,0.0154,8.81E+16,811.22
1136,0.1284,7.34E+17,811.29
1137,0.287,1.64E+18,811.5
1138,0.2027,1.16E+18,811.74
1139,0.2976,1.71E+18,811.99
1140,0.2552,1.47E+18,812.27
1141,0.1928,1.11E+18,812.5
1142,0.2241,1.29E+18,812.7
1143,0.3109,1.79E+18,812.97
1144,0.1129,6.50E+17,813.18
1145,0.1456,8.39E+17,813.31
1146,0.1572,9.07E+17,813.46
1147,0.059,3.41E+17,813.57
1148,0.2703,1.56E+18,813.74
1149,0.2179,1.26E+18,813.98
1150,0.1213,7.02E+17,814.15
1151,0.2028,1.18E+18,814.31
1152,0.2469,1.43E+18,814.54
1153,0.2374,1.38E+18,814.78
1154,0.1421,8.25E+17,814.97
1155,0.3123,1.82E+18,815.2
1156,0.2801,1.63E+18,815.49
1157,0.3137,1.83E+18,815.79
1158,0.3108,1.81E+18,816.1
1159,0.336,1.96E+18,816.43
1160,0.2856,1.67E+18,816.74
1161,0.3465,2.03E+18,817.05
1162,0.349,2.04E+18,817.4
1163,0.4672,2.74E+18,817.81
1164,0.4007,2.35E+18,818.24
1165,0.3875,2.27E+18,818.64
1166,0.3739,2.19E+18,819.02
1167,0.4088,2.40E+18,819.41
1168,0.4183,2.46E+18,819.82
1169,0.4219,2.48E+18,820.24
1170,0.4574,2.69E+18,820.68
1171,0.447,2.64E+18,821.13
1172,0.4535,2.68E+18,821.58
1173,0.4551,2.69E+18,822.04
1174,0.3359,1.99E+18,822.43
1175,0.4511,2.67E+18,822.83
1176,0.4754,2.81E+18,823.29
1177,0.471,2.79E+18,823.76
1178,0.359,2.13E+18,824.18
1179,0.4823,2.86E+18,824.6
1180,0.4394,2.61E+18,825.06
1181,0.4538,2.70E+18,825.51
1182,0.3222,1.92E+18,825.89
1183,0.4374,2.61E+18,826.27
1184,0.4186,2.50E+18,826.7
1185,0.4062,2.42E+18,827.11
1186,0.4758,2.84E+18,827.56
1187,0.4544,2.72E+18,828.02
1188,0.3341,2.00E+18,828.42
1189,0.4145,2.48E+18,828.79
1190,0.461,2.76E+18,829.23
1191,0.4453,2.67E+18,829.68
1192,0.472,2.83E+18,830.14
1193,0.453,2.72E+18,830.6
1194,0.4675,2.81E+18,831.06
1195,0.4457,2.68E+18,831.52
1196,0.4301,2.59E+18,831.96
1197,0.4758,2.87E+18,832.41
1198,0.4327,2.61E+18,832.86
1199,0.3638,2.20E+18,833.26
1200,0.447,2.70E+18,833.67
1201,0.4358,2.64E+18,834.11
1202,0.4359,2.64E+18,834.54
1203,0.4328,2.62E+18,834.98
1204,0.3614,2.19E+18,835.38
1205,0.4357,2.64E+18,835.77
1206,0.4795,2.91E+18,836.23
1207,0.4286,2.60E+18,836.69
1208,0.4322,2.63E+18,837.12
1209,0.4131,2.51E+18,837.54
1210,0.452,2.75E+18,837.97
1211,0.4211,2.57E+18,838.41
1212,0.4237,2.59E+18,838.83
1213,0.4682,2.86E+18,839.28
1214,0.4328,2.65E+18,839.73
1215,0.4266,2.61E+18,840.16
1216,0.465,2.85E+18,840.6
1217,0.454,2.78E+18,841.06
1218,0.458,2.81E+18,841.52
1219,0.4453,2.73E+18,841.97
1220,0.4567,2.81E+18,842.42
1221,0.464,2.85E+18,842.88
1222,0.4501,2.77E+18,843.34
1223,0.4428,2.73E+18,843.78
1224,0.4468,2.75E+18,844.23
1225,0.461,2.84E+18,844.68
1226,0.4668,2.88E+18,845.15
1227,0.4318,2.67E+18,845.6
1228,0.4652,2.88E+18,846.04
1229,0.4659,2.88E+18,846.51
1230,0.4587,2.84E+18,846.97
1231,0.4707,2.92E+18,847.44
1232,0.465,2.88E+18,847.91
1233,0.4527,2.81E+18,848.36
1234,0.4688,2.91E+18,848.82
1235,0.4637,2.88E+18,849.29
1236,0.4677,2.91E+18,849.76
1237,0.462,2.88E+18,850.22
1238,0.4666,2.91E+18,850.69
1239,0.4614,2.88E+18,851.15
1240,0.4594,2.87E+18,851.61
1241,0.4606,2.88E+18,852.07
1242,0.4611,2.88E+18,852.53
1243,0.4562,2.86E+18,852.99
1244,0.454,2.84E+18,853.44
1245,0.4552,2.85E+18,853.9
1246,0.4581,2.87E+18,854.36
1247,0.4561,2.86E+18,854.81
1248,0.4573,2.87E+18,855.27
1249,0.4583,2.88E+18,855.73
1250,0.4557,2.87E+18,856.18
1251,0.4513,2.84E+18,856.64
1252,0.4497,2.83E+18,857.09
1253,0.4464,2.82E+18,857.54
1254,0.4423,2.79E+18,857.98
1255,0.4494,2.84E+18,858.43
1256,0.439,2.78E+18,858.87
1257,0.4341,2.75E+18,859.31
1258,0.4437,2.81E+18,859.75
1259,0.426,2.70E+18,860.18
1260,0.4298,2.73E+18,860.61
1261,0.4103,2.60E+18,861.03
1262,0.3945,2.51E+18,861.43
1263,0.399,2.54E+18,861.83
1264,0.3704,2.36E+18,862.21
1265,0.3946,2.51E+18,862.6
1266,0.3842,2.45E+18,862.99
1267,0.3871,2.47E+18,863.37
1268,0.3694,2.36E+18,863.75
1269,0.2458,1.57E+18,864.06
1270,0.3863,2.47E+18,864.37
1271,0.4071,2.61E+18,864.77
1272,0.4076,2.61E+18,865.18
1273,0.4051,2.60E+18,865.58
1274,0.405,2.60E+18,865.99
1275,0.4111,2.64E+18,866.4
1276,0.4157,2.67E+18,866.81
1277,0.4188,2.69E+18,867.23
1278,0.4264,2.74E+18,867.65
1279,0.4233,2.73E+18,868.07
1280,0.4208,2.71E+18,868.5
1281,0.4122,2.66E+18,868.91
1282,0.372,2.40E+18,869.3
1283,0.4061,2.62E+18,869.69
1284,0.4196,2.71E+18,870.11
1285,0.4228,2.74E+18,870.53
1286,0.4259,2.76E+18,870.95
1287,0.4209,2.73E+18,871.38
1288,0.4187,2.72E+18,871.8
1289,0.4082,2.65E+18,872.21
1290,0.4117,2.67E+18,872.62
1291,0.4166,2.71E+18,873.03
1292,0.395,2.57E+18,873.44
1293,0.4114,2.68E+18,873.84
1294,0.403,2.63E+18,874.25
1295,0.404,2.63E+18,874.65
1296,0.3884,2.53E+18,875.05
1297,0.3702,2.42E+18,875.43
1298,0.3907,2.55E+18,875.81
1299,0.4073,2.66E+18,876.21
1300,0.3521,2.30E+18,876.59
1301,0.3612,2.37E+18,876.94
1302,0.3907,2.56E+18,877.32
1303,0.3452,2.26E+18,877.69
1304,0.2997,1.97E+18,878.01
1305,0.3827,2.51E+18,878.35
1306,0.3834,2.52E+18,878.73
1307,0.3051,2.01E+18,879.08
1308,0.346,2.28E+18,879.4
1309,0.383,2.52E+18,879.77
1310,0.3003,1.98E+18,880.11
1311,0.3327,2.20E+18,880.43
1312,0.3324,2.20E+18,880.76
1313,0.3126,2.07E+18,881.08
1314,0.2875,1.90E+18,881.38
1315,0.285,1.89E+18,881.67
1316,0.3232,2.14E+18,881.97
1317,0.3113,2.06E+18,882.29
1318,0.3323,2.21E+18,882.61
1319,0.2678,1.78E+18,882.91
1320,0.258,1.71E+18,883.17
1321,0.2978,1.98E+18,883.45
1322,0.3013,2.01E+18,883.75
1323,0.2321,1.55E+18,884.02
1324,0.2617,1.74E+18,884.27
1325,0.3213,2.14E+18,884.56
1326,0.2797,1.87E+18,884.86
1327,0.2655,1.77E+18,885.13
1328,0.2338,1.56E+18,885.38
1329,0.1771,1.19E+18,885.59
1330,0.2286,1.53E+18,885.79
1331,0.1444,9.67E+17,885.97
1332,0.1454,9.75E+17,886.12
1333,0.2025,1.36E+18,886.29
1334,0.1688,1.13E+18,886.48
1335,0.2305,1.55E+18,886.68
1336,0.1829,1.23E+18,886.89
1337,0.1641,1.10E+18,887.06
1338,0.1775,1.20E+18,887.23
1339,0.1763,1.19E+18,887.41
1340,0.1678,1.13E+18,887.58
1341,0.1699,1.15E+18,887.75
1342,0.1775,1.20E+18,887.92
1343,0.1267,8.57E+17,888.07
1344,0.0754,5.10E+17,888.17
1345,0.1087,7.36E+17,888.27
1346,0.058,3.93E+17,888.35
1347,0.0599,4.07E+17,888.41
1348,0.0047,3.21E+16,888.44
1349,0.0161,1.09E+17,888.45
1350,0.016,1.09E+17,888.47
1351,0.0046,3.14E+16,888.48
1352,0.0015,1.03E+16,888.48
1353,0.0001,6.53E+14,888.48
1354,0.0003,1.97E+15,888.48
1355,0,2.45E+13,888.48
1356,0,3.27E+14,888.48
1357,0.0001,4.89E+14,888.48
1358,0,2.86E+13,888.48
1359,0,5.01E+12,888.48
1360,0,1.46E+13,888.48
1361,0,3.29E+10,888.48
1362,0,1.24E+08,888.48
1363,0,2.16E+13,888.48
1364,0,9.30E+12,888.48
1365,0,6.22E+07,888.48
1366,0,8.77E+13,888.48
1367,0,3.42E+13,888.48
1368,0,1.02E+06,888.48
1369,0,3.55E+12,888.48
1370,0,2.01E+12,888.48
1371,0,1.36E+11,888.48
1372,0,1.89E+13,888.48
1373,0,3.06E+14,888.48
1374,0.0002,1.24E+15,888.48
1375,0.0003,2.23E+15,888.48
1376,0.0003,1.78E+15,888.48
1377,0.0001,8.48E+14,888.48
1378,0.0011,7.67E+15,888.48
1379,0.0001,3.61E+14,888.48
1380,0.0001,5.65E+14,888.48
1381,0,1.64E+13,888.48
1382,0,1.78E+13,888.48
1383,0,3.06E+11,888.48
1384,0,4.29E+12,888.48
1385,0,1.45E+13,888.48
1386,0,1.75E+13,888.48
1387,0.0002,1.39E+15,888.48
1388,0,2.81E+13,888.48
1389,0.0006,4.05E+15,888.48
1390,0.0005,3.44E+15,888.49
1391,0.0003,2.40E+15,888.49
1392,0,1.66E+14,888.49
1393,0.0001,8.10E+14,888.49
1394,0.0001,5.29E+14,888.49
1395,0,4.70E+12,888.49
1396,0,4.43E+10,888.49
1397,0,3.44E+14,888.49
1398,0.0013,8.92E+15,888.49
1399,0.0008,5.70E+15,888.49
1400,0,2.28E+10,888.49
1401,0,7.40E+10,888.49
1402,0.0018,1.29E+16,888.49
1403,0.0024,1.68E+16,888.49
1404,0.0007,5.21E+15,888.49
1405,0,2.57E+12,888.49
1406,0.002,1.44E+16,888.49
1407,0.0002,1.23E+15,888.5
1408,0.0016,1.17E+16,888.5
1409,0.0006,4.38E+15,888.5
1410,0.0005,3.30E+15,888.5
1411,0.0021,1.50E+16,888.5
1412,0.0026,1.87E+16,888.5
1413,0.0233,1.66E+17,888.51
1414,0.0004,2.58E+15,888.53
1415,0.0002,1.30E+15,888.53
1416,0.0355,2.53E+17,888.54
1417,0.0117,8.36E+16,888.57
1418,0.0135,9.65E+16,888.58
1419,0.0021,1.53E+16,888.59
1420,0.0082,5.90E+16,888.59
1421,0.0091,6.54E+16,888.6
1422,0.0462,3.31E+17,888.63
1423,0.0092,6.59E+16,888.66
1424,0.0169,1.21E+17,888.67
1425,0.0258,1.85E+17,888.69
1426,0.0277,1.99E+17,888.72
1427,0.0494,3.55E+17,888.76
1428,0.0045,3.27E+16,888.78
1429,0.0379,2.73E+17,888.81
1430,0.0614,4.42E+17,888.86
1431,0.05,3.60E+17,888.91
1432,0.0025,1.81E+16,888.94
1433,0.0357,2.58E+17,888.96
1434,0.0209,1.51E+17,888.98
1435,0.0214,1.54E+17,889.01
1436,0.0382,2.76E+17,889.04
1437,0.0298,2.16E+17,889.07
1438,0.0132,9.57E+16,889.09
1439,0.0509,3.69E+17,889.12
1440,0.0395,2.86E+17,889.17
1441,0.0317,2.30E+17,889.2
1442,0.0362,2.63E+17,889.24
1443,0.0449,3.26E+17,889.28
1444,0.0616,4.48E+17,889.33
1445,0.0496,3.61E+17,889.39
1446,0.023,1.68E+17,889.42
1447,0.0361,2.63E+17,889.45
1448,0.1154,8.41E+17,889.53
1449,0.1018,7.43E+17,889.64
1450,0.0273,2.00E+17,889.7
1451,0.0112,8.21E+16,889.72
1452,0.0622,4.55E+17,889.76
1453,0.0817,5.98E+17,889.83
1454,0.1372,1.00E+18,889.94
1455,0.066,4.83E+17,890.04
1456,0.0883,6.47E+17,890.12
1457,0.1167,8.56E+17,890.22
1458,0.136,9.98E+17,890.35
1459,0.1626,1.19E+18,890.5
1460,0.0852,6.26E+17,890.62
1461,0.09,6.62E+17,890.71
1462,0.1302,9.58E+17,890.82
1463,0.0431,3.17E+17,890.9
1464,0.1514,1.12E+18,891
1465,0.0931,6.87E+17,891.12
1466,0.065,4.80E+17,891.2
1467,0.0359,2.66E+17,891.25
1468,0.0767,5.67E+17,891.31
1469,0.0946,6.99E+17,891.4
1470,0.0495,3.67E+17,891.47
1471,0.0178,1.32E+17,891.5
1472,0.0466,3.46E+17,891.53
1473,0.07,5.19E+17,891.59
1474,0.0971,7.20E+17,891.68
1475,0.1841,1.37E+18,891.82
1476,0.0686,5.10E+17,891.94
1477,0.0695,5.17E+17,892.01
1478,0.0633,4.71E+17,892.08
1479,0.1197,8.91E+17,892.17
1480,0.0605,4.51E+17,892.26
1481,0.115,8.57E+17,892.35
1482,0.0583,4.35E+17,892.43
1483,0.1482,1.11E+18,892.54
1484,0.1371,1.02E+18,892.68
1485,0.1247,9.32E+17,892.81
1486,0.123,9.20E+17,892.93
1487,0.0605,4.53E+17,893.03
1488,0.0939,7.03E+17,893.1
1489,0.1892,1.42E+18,893.24
1490,0.1743,1.31E+18,893.43
1491,0.1972,1.48E+18,893.61
1492,0.1639,1.23E+18,893.79
1493,0.181,1.36E+18,893.97
1494,0.2031,1.53E+18,894.16
1495,0.182,1.37E+18,894.35
1496,0.168,1.27E+18,894.53
1497,0.2278,1.72E+18,894.72
1498,0.1891,1.43E+18,894.93
1499,0.217,1.64E+18,895.13
1500,0.2499,1.89E+18,895.37
1501,0.2647,2.00E+18,895.63
1502,0.2329,1.76E+18,895.87
1503,0.1844,1.40E+18,896.08
1504,0.1598,1.21E+18,896.25
1505,0.1835,1.39E+18,896.43
1506,0.257,1.95E+18,896.65
1507,0.2544,1.93E+18,896.9
1508,0.2423,1.84E+18,897.15
1509,0.1864,1.42E+18,897.37
1510,0.2697,2.05E+18,897.59
1511,0.264,2.01E+18,897.86
1512,0.2599,1.98E+18,898.12
1513,0.2417,1.84E+18,898.37
1514,0.2251,1.72E+18,898.61
1515,0.265,2.02E+18,898.85
1516,0.2561,1.95E+18,899.11
1517,0.2486,1.90E+18,899.36
1518,0.2514,1.92E+18,899.61
1519,0.2437,1.86E+18,899.86
1520,0.2637,2.02E+18,900.12
1521,0.2743,2.10E+18,900.38
1522,0.263,2.02E+18,900.65
1523,0.2792,2.14E+18,900.92
1524,0.2746,2.11E+18,901.2
1525,0.2581,1.98E+18,901.47
1526,0.2667,2.05E+18,901.73
1527,0.2614,2.01E+18,901.99
1528,0.2785,2.14E+18,902.26
1529,0.2716,2.09E+18,902.54
1530,0.2545,1.96E+18,902.8
1531,0.2689,2.07E+18,903.06
1532,0.2776,2.14E+18,903.34
1533,0.2763,2.13E+18,903.61
1534,0.2681,2.07E+18,903.89
1535,0.2661,2.06E+18,904.15
1536,0.2738,2.12E+18,904.42
1537,0.2726,2.11E+18,904.7
1538,0.2712,2.10E+18,904.97
1539,0.2722,2.11E+18,905.24
1540,0.2641,2.05E+18,905.51
1541,0.2683,2.08E+18,905.77
1542,0.2685,2.08E+18,906.04
1543,0.2713,2.11E+18,906.31
1544,0.2713,2.11E+18,906.58
1545,0.2762,2.15E+18,906.86
1546,0.274,2.13E+18,907.13
1547,0.2723,2.12E+18,907.41
1548,0.266,2.07E+18,907.67
1549,0.2726,2.13E+18,907.94
1550,0.2691,2.10E+18,908.22
1551,0.2698,2.11E+18,908.48
1552,0.271,2.12E+18,908.75
1553,0.2705,2.12E+18,909.03
1554,0.264,2.07E+18,909.29
1555,0.2668,2.09E+18,909.56
1556,0.2623,2.06E+18,909.82
1557,0.2698,2.12E+18,910.09
1558,0.2677,2.10E+18,910.36
1559,0.2673,2.10E+18,910.63
1560,0.2649,2.08E+18,910.89
1561,0.2692,2.12E+18,911.16
1562,0.2668,2.10E+18,911.43
1563,0.2659,2.09E+18,911.69
1564,0.2619,2.06E+18,911.96
1565,0.2665,2.10E+18,912.22
1566,0.2617,2.06E+18,912.49
1567,0.2623,2.07E+18,912.75
1568,0.2565,2.02E+18,913.01
1569,0.2538,2.00E+18,913.26
1570,0.241,1.91E+18,913.51
1571,0.2344,1.85E+18,913.75
1572,0.2371,1.88E+18,913.98
1573,0.2334,1.85E+18,914.22
1574,0.2407,1.91E+18,914.45
1575,0.239,1.90E+18,914.69
1576,0.2461,1.95E+18,914.94
1577,0.2154,1.71E+18,915.17
1578,0.2345,1.86E+18,915.39
1579,0.236,1.88E+18,915.63
1580,0.2439,1.94E+18,915.87
1581,0.248,1.97E+18,916.11
1582,0.2412,1.92E+18,916.36
1583,0.2468,1.97E+18,916.6
1584,0.2483,1.98E+18,916.85
1585,0.258,2.06E+18,917.1
1586,0.2549,2.04E+18,917.36
1587,0.2523,2.02E+18,917.61
1588,0.2503,2.00E+18,917.86
1589,0.2317,1.85E+18,918.11
1590,0.2411,1.93E+18,918.34
1591,0.2413,1.93E+18,918.58
1592,0.2515,2.02E+18,918.83
1593,0.2576,2.07E+18,919.08
1594,0.2555,2.05E+18,919.34
1595,0.2575,2.07E+18,919.6
1596,0.2438,1.96E+18,919.85
1597,0.2462,1.98E+18,920.09
1598,0.2535,2.04E+18,920.34
1599,0.2413,1.94E+18,920.59
1600,0.2374,1.91E+18,920.83
1601,0.2226,1.79E+18,921.06
1602,0.2235,1.80E+18,921.28
1603,0.2233,1.80E+18,921.51
1604,0.2278,1.84E+18,921.73
1605,0.2361,1.91E+18,921.96
1606,0.2407,1.95E+18,922.2
1607,0.2323,1.88E+18,922.44
1608,0.2292,1.86E+18,922.67
1609,0.2266,1.84E+18,922.9
1610,0.217,1.76E+18,923.12
1611,0.2261,1.83E+18,923.34
1612,0.2301,1.87E+18,923.57
1613,0.2365,1.92E+18,923.8
1614,0.2377,1.93E+18,924.04
1615,0.2403,1.95E+18,924.28
1616,0.2298,1.87E+18,924.51
1617,0.234,1.91E+18,924.74
1618,0.2428,1.98E+18,924.98
1619,0.2403,1.96E+18,925.22
1620,0.2338,1.91E+18,925.46
1621,0.2336,1.91E+18,925.7
1622,0.2369,1.93E+18,925.93
1623,0.2418,1.98E+18,926.17
1624,0.242,1.98E+18,926.41
1625,0.2371,1.94E+18,926.65
1626,0.239,1.96E+18,926.89
1627,0.2401,1.97E+18,927.13
1628,0.2406,1.97E+18,927.37
1629,0.2407,1.97E+18,927.61
1630,0.2358,1.94E+18,927.85
1631,0.2374,1.95E+18,928.09
1632,0.2375,1.95E+18,928.32
1633,0.232,1.91E+18,928.56
1634,0.2321,1.91E+18,928.79
1635,0.233,1.92E+18,929.02
1636,0.2347,1.93E+18,929.26
1637,0.2263,1.87E+18,929.49
1638,0.2194,1.81E+18,929.71
1639,0.2196,1.81E+18,929.93
1640,0.2145,1.77E+18,930.15
1641,0.219,1.81E+18,930.36
1642,0.2202,1.82E+18,930.58
1643,0.2147,1.78E+18,930.8
1644,0.2229,1.85E+18,931.02
1645,0.2176,1.80E+18,931.24
1646,0.2169,1.80E+18,931.46
1647,0.227,1.88E+18,931.68
1648,0.2159,1.79E+18,931.9
1649,0.218,1.81E+18,932.12
1650,0.2246,1.87E+18,932.34
1651,0.2079,1.73E+18,932.55
1652,0.2231,1.86E+18,932.77
1653,0.2221,1.85E+18,932.99
1654,0.2152,1.79E+18,933.21
1655,0.2217,1.85E+18,933.43
1656,0.2204,1.84E+18,933.65
1657,0.2216,1.85E+18,933.87
1658,0.2242,1.87E+18,934.09
1659,0.2206,1.84E+18,934.32
1660,0.2227,1.86E+18,934.54
1661,0.2232,1.87E+18,934.76
1662,0.2184,1.83E+18,934.98
1663,0.2217,1.86E+18,935.2
1664,0.2203,1.85E+18,935.42
1665,0.2112,1.77E+18,935.64
1666,0.1783,1.50E+18,935.83
1667,0.2101,1.76E+18,936.03
1668,0.214,1.80E+18,936.24
1669,0.2145,1.80E+18,936.45
1670,0.221,1.86E+18,936.67
1671,0.2182,1.84E+18,936.89
1672,0.2109,1.78E+18,937.11
1673,0.2157,1.82E+18,937.32
1674,0.2151,1.81E+18,937.53
1675,0.213,1.80E+18,937.75
1676,0.2108,1.78E+18,937.96
1677,0.2117,1.79E+18,938.17
1678,0.2085,1.76E+18,938.38
1679,0.2124,1.80E+18,938.59
1680,0.205,1.73E+18,938.8
1681,0.1939,1.64E+18,939
1682,0.2031,1.72E+18,939.2
1683,0.2085,1.77E+18,939.4
1684,0.1974,1.67E+18,939.61
1685,0.2126,1.80E+18,939.81
1686,0.2097,1.78E+18,940.02
1687,0.2042,1.74E+18,940.23
1688,0.2095,1.78E+18,940.44
1689,0.2066,1.76E+18,940.65
1690,0.2046,1.74E+18,940.85
1691,0.1925,1.64E+18,941.05
1692,0.2065,1.76E+18,941.25
1693,0.2107,1.80E+18,941.46
1694,0.2042,1.74E+18,941.66
1695,0.2091,1.78E+18,941.87
1696,0.2086,1.78E+18,942.08
1697,0.1805,1.54E+18,942.28
1698,0.2068,1.77E+18,942.47
1699,0.2049,1.75E+18,942.67
1700,0.1992,1.70E+18,942.88
1702,0.2034,1.74E+18,943.28
1705,0.1972,1.69E+18,943.88
1710,0.1874,1.61E+18,944.84
1715,0.1891,1.63E+18,945.78
1720,0.1864,1.61E+18,946.72
1725,0.1776,1.54E+18,947.63
1730,0.1736,1.51E+18,948.51
1735,0.1611,1.41E+18,949.35
1740,0.1677,1.47E+18,950.17
1745,0.1544,1.36E+18,950.97
1750,0.1652,1.46E+18,951.77
1755,0.1526,1.35E+18,952.57
1760,0.1595,1.41E+18,953.35
1765,0.1325,1.18E+18,954.08
1770,0.1413,1.26E+18,954.76
1775,0.1145,1.02E+18,955.4
1780,0.1002,8.98E+17,955.94
1785,0.0768,6.90E+17,956.38
1790,0.0886,7.99E+17,956.79
1795,0.0468,4.23E+17,957.13
1800,0.0317,2.88E+17,957.33
1805,0.0148,1.34E+17,957.44
1810,0.0097,8.81E+16,957.51
1815,0.0033,2.99E+16,957.54
1820,0.001,9.02E+15,957.55
1825,0.0013,1.17E+16,957.55
1830,0,4.78E+13,957.56
1835,0,5.91E+13,957.56
1840,0,5.79E+11,957.56
1845,0,5.80E+13,957.56
1850,0,2.79E+13,957.56
1855,0,2.64E+12,957.56
1860,0,1.04E+14,957.56
1865,0,1.59E+14,957.56
1870,0,2.50E+09,957.56
1875,0,4.25E+09,957.56
1880,0.0001,7.31E+14,957.56
1885,0,4.15E+14,957.56
1890,0.0002,2.12E+15,957.56
1895,0.0001,1.23E+15,957.56
1900,0,8.22E+12,957.56
1905,0,5.42E+12,957.56
1910,0,2.21E+14,957.56
1915,0,1.92E+14,957.56
1920,0.0004,4.34E+15,957.56
1925,0.0009,9.05E+15,957.56
1930,0.0006,5.35E+15,957.57
1935,0.0036,3.49E+16,957.58
1940,0.0033,3.20E+16,957.6
1945,0.0108,1.06E+17,957.63
1950,0.0167,1.64E+17,957.7
1955,0.01,9.85E+16,957.77
1960,0.0218,2.16E+17,957.85
1965,0.0285,2.82E+17,957.97
1970,0.0487,4.83E+17,958.16
1975,0.0677,6.73E+17,958.46
1980,0.0753,7.51E+17,958.81
1985,0.0828,8.28E+17,959.21
1990,0.0854,8.55E+17,959.63
1995,0.081,8.13E+17,960.04
2000,0.038,3.83E+17,960.34
2005,0.015,1.51E+17,960.47
2010,0.0396,4.01E+17,960.61
2015,0.0266,2.70E+17,960.78
2020,0.0449,4.56E+17,960.96
2025,0.0738,7.52E+17,961.25
2030,0.0846,8.65E+17,961.65
2035,0.0961,9.85E+17,962.1
2040,0.0895,9.19E+17,962.56
2045,0.0908,9.35E+17,963.01
2050,0.0677,6.99E+17,963.41
2055,0.0547,5.66E+17,963.72
2060,0.069,7.16E+17,964.03
2065,0.0617,6.41E+17,964.35
2070,0.0655,6.82E+17,964.67
2075,0.0772,8.07E+17,965.03
2080,0.0866,9.06E+17,965.44
2085,0.0849,8.91E+17,965.87
2090,0.0888,9.35E+17,966.3
2095,0.0895,9.44E+17,966.75
2100,0.0859,9.08E+17,967.18
2105,0.0929,9.84E+17,967.63
2110,0.0894,9.50E+17,968.09
2115,0.0914,9.73E+17,968.54
2120,0.0873,9.32E+17,968.99
2125,0.0884,9.45E+17,969.42
2130,0.0895,9.60E+17,969.87
2135,0.0898,9.65E+17,970.32
2140,0.0905,9.75E+17,970.77
2145,0.0892,9.64E+17,971.22
2150,0.0844,9.13E+17,971.65
2155,0.0846,9.18E+17,972.07
2160,0.0839,9.13E+17,972.5
2165,0.0761,8.29E+17,972.9
2170,0.0818,8.93E+17,973.29
2175,0.0802,8.78E+17,973.7
2180,0.0816,8.95E+17,974.1
2185,0.0743,8.18E+17,974.49
2190,0.0788,8.69E+17,974.87
2195,0.0788,8.70E+17,975.27
2200,0.071,7.86E+17,975.64
2205,0.0738,8.19E+17,976
2210,0.0791,8.80E+17,976.39
2215,0.0761,8.48E+17,976.77
2220,0.0775,8.66E+17,977.16
2225,0.0752,8.43E+17,977.54
2230,0.0756,8.48E+17,977.92
2235,0.0741,8.34E+17,978.29
2240,0.0729,8.22E+17,978.66
2245,0.0706,7.98E+17,979.02
2250,0.0717,8.12E+17,979.37
2255,0.0675,7.66E+17,979.72
2260,0.0667,7.59E+17,980.06
2265,0.0679,7.75E+17,980.39
2270,0.0647,7.39E+17,980.72
2275,0.0638,7.31E+17,981.05
2280,0.0661,7.59E+17,981.37
2285,0.0629,7.24E+17,981.69
2290,0.063,7.27E+17,982.01
2295,0.0611,7.06E+17,982.32
2300,0.0587,6.79E+17,982.62
2305,0.059,6.85E+17,982.91
2310,0.0637,7.41E+17,983.22
2315,0.058,6.76E+17,983.52
2320,0.0519,6.06E+17,983.8
2325,0.0561,6.56E+17,984.07
2330,0.0567,6.65E+17,984.35
2335,0.0578,6.79E+17,984.63
2340,0.0457,5.38E+17,984.89
2345,0.0513,6.05E+17,985.14
2350,0.0414,4.90E+17,985.37
2355,0.0473,5.61E+17,985.59
2360,0.0501,5.95E+17,985.83
2365,0.0493,5.87E+17,986.08
2370,0.0307,3.67E+17,986.28
2375,0.044,5.26E+17,986.47
2380,0.0424,5.08E+17,986.68
2385,0.0307,3.69E+17,986.87
2390,0.037,4.45E+17,987.04
2395,0.0405,4.88E+17,987.23
2400,0.044,5.32E+17,987.44
2405,0.0335,4.06E+17,987.63
2410,0.0337,4.09E+17,987.8
2415,0.0272,3.31E+17,987.96
2420,0.0265,3.23E+17,988.09
2425,0.033,4.03E+17,988.24
2430,0.045,5.50E+17,988.43
2435,0.0148,1.82E+17,988.58
2440,0.0431,5.30E+17,988.73
2445,0.0207,2.55E+17,988.89
2450,0.0136,1.67E+17,988.97
2455,0.0248,3.06E+17,989.07
2460,0.0333,4.12E+17,989.21
2465,0.0241,2.99E+17,989.36
2470,0.0167,2.07E+17,989.46
2475,0.0164,2.04E+17,989.54
2480,0.008,1.00E+17,989.6
2485,0.0056,7.00E+16,989.64
2490,0.0035,4.39E+16,989.66
2495,0.0029,3.60E+16,989.68
2500,0.007,8.87E+16,989.7
2505,0.0015,1.91E+16,989.72
2510,0.0022,2.79E+16,989.73
2515,0.0005,6.55E+15,989.74
2520,0.0004,4.69E+15,989.74
2525,0,5.25E+14,989.74
2530,0,8.08E+12,989.74
2535,0,2.23E+12,989.74
2540,0,4.81E+12,989.74
2545,0,6.87E+08,989.74
2550,0,3.61E+06,989.74
2555,0,1.34E+10,989.74
2560,0,3.99E+08,989.74
2565,0,2.05E+05,989.74
2570,0,1.97E+01,989.74
2575,0,1.39E-08,989.74
2580,0,4.95E-03,989.74
2585,0,2.23E-15,989.74
2590,0,7.12E-12,989.74
2595,0,2.98E-14,989.74
2600,0,5.86E-09,989.74
2605,0,7.59E-16,989.74
2610,0,7.79E-15,989.74
2615,0,1.47E-18,989.74
2620,0,7.43E-10,989.74
2625,0,5.10E-09,989.74
2630,0,3.70E-26,989.74
2635,0,5.16E+03,989.74
2640,0,1.56E+03,989.74
2645,0,1.20E+01,989.74
2650,0,1.90E+00,989.74
2655,0,1.75E-08,989.74
2660,0,3.48E-06,989.74
2665,0,1.49E-18,989.74
2670,0,0.00E+00,989.74
2675,0,0.00E+00,989.74
2680,0,0.00E+00,989.74
2685,0,0.00E+00,989.74
2690,0,1.38E-10,989.74
2695,0,9.64E-14,989.74
2700,0,0.00E+00,989.74
2705,0,3.98E-23,989.74
2710,0,1.53E-16,989.74
2715,0,5.25E-07,989.74
2720,0,7.65E-26,989.74
2725,0,9.98E-03,989.74
2730,0,8.32E+00,989.74
2735,0,7.54E-02,989.74
2740,0,3.21E-08,989.74
2745,0,1.81E-04,989.74
2750,0,2.30E-09,989.74
2755,0,9.30E-25,989.74
2760,0,0.00E+00,989.74
2765,0,3.72E-08,989.74
2770,0,1.17E-04,989.74
2775,0,5.57E-19,989.74
2780,0,6.71E-15,989.74
2785,0,5.43E-08,989.74
2790,0,1.70E+03,989.74
2795,0,5.08E+03,989.74
2800,0,2.32E+07,989.74
2805,0,9.50E+05,989.74
2810,0,5.68E+09,989.74
2815,0,4.05E+09,989.74
2820,0,2.91E+08,989.74
2825,0,2.50E+12,989.74
2830,0,5.54E+13,989.74
2835,0,3.03E+09,989.74
2840,0,2.80E+12,989.74
2845,0,5.79E+14,989.74
2850,0,1.66E+13,989.74
2855,0,6.43E+12,989.74
2860,0,3.64E+14,989.74
2865,0.0002,2.41E+15,989.74
2870,0,9.09E+13,989.74
2875,0.0004,5.65E+15,989.74
2880,0.0002,3.57E+15,989.75
2885,0.0005,6.57E+15,989.75
2890,0.0002,2.70E+15,989.75
2895,0.0027,3.87E+16,989.76
2900,0.0008,1.18E+16,989.76
2905,0.0001,1.62E+15,989.77
2910,0.0027,3.98E+16,989.77
2915,0.0013,1.84E+16,989.78
2920,0.0029,4.24E+16,989.79
2925,0.0011,1.59E+16,989.8
2930,0.0059,8.66E+16,989.82
2935,0.0065,9.56E+16,989.85
2940,0.0016,2.40E+16,989.87
2945,0.0014,2.14E+16,989.88
2950,0.0052,7.74E+16,989.9
2955,0.0023,3.47E+16,989.92
2960,0.0046,6.83E+16,989.93
2965,0.0074,1.11E+17,989.96
2970,0.0004,5.25E+15,989.98
2975,0.0009,1.28E+16,989.99
2980,0.0013,2.00E+16,989.99
2985,0.0069,1.04E+17,990.01
2990,0.0103,1.54E+17,990.05
2995,0.0043,6.43E+16,990.09
3000,0.0078,1.18E+17,990.12
3005,0.0029,4.36E+16,990.15
3010,0.0068,1.04E+17,990.17
3015,0.0055,8.41E+16,990.2
3020,0.0006,9.61E+15,990.22
3025,0.0075,1.14E+17,990.24
3030,0.0061,9.24E+16,990.27
3035,0.0025,3.81E+16,990.29
3040,0.002,3.09E+16,990.3
3045,0.0042,6.43E+16,990.32
3050,0.001,1.58E+16,990.33
3055,0.0003,4.44E+15,990.34
3060,0.0063,9.68E+16,990.35
3065,0.0029,4.48E+16,990.38
3070,0.0017,2.70E+16,990.39
3075,0.006,9.30E+16,990.41
3080,0.0036,5.60E+16,990.43
3085,0.0018,2.74E+16,990.44
3090,0.0024,3.69E+16,990.46
3095,0.0007,1.02E+16,990.46
3100,0.0044,6.85E+16,990.48
3105,0.0009,1.44E+16,990.49
3110,0.0008,1.32E+16,990.49
3115,0.0023,3.55E+16,990.5
3120,0.0098,1.54E+17,990.53
3125,0.003,4.75E+16,990.56
3130,0.0057,9.05E+16,990.58
3135,0.0114,1.80E+17,990.63
3140,0.0033,5.24E+16,990.66
3145,0.0032,5.13E+16,990.68
3150,0.0067,1.06E+17,990.71
3155,0.0056,8.93E+16,990.74
3160,0.0092,1.46E+17,990.77
3165,0.014,2.23E+17,990.83
3170,0.0125,1.99E+17,990.9
3175,0.0092,1.47E+17,990.95
3180,0.0106,1.70E+17,991
3185,0.0081,1.29E+17,991.05
3190,0.0042,6.79E+16,991.08
3195,0.0027,4.32E+16,991.1
3200,0.0004,7.04E+15,991.1
3205,0.0003,4.98E+15,991.11
3210,0.0001,2.20E+15,991.11
3215,0.0005,8.03E+15,991.11
3220,0.0016,2.60E+16,991.11
3225,0.0002,3.22E+15,991.12
3230,0.0003,5.53E+15,991.12
3235,0.0073,1.18E+17,991.14
3240,0.0037,6.09E+16,991.17
3245,0.0007,1.20E+16,991.18
3250,0.0026,4.25E+16,991.19
3255,0.0099,1.62E+17,991.22
3260,0.0012,2.00E+16,991.24
3265,0.0024,4.01E+16,991.25
3270,0.0012,2.00E+16,991.26
3275,0.0059,9.74E+16,991.28
3280,0.0029,4.72E+16,991.3
3285,0.0111,1.84E+17,991.34
3290,0.0087,1.45E+17,991.39
3295,0.0012,2.02E+16,991.41
3300,0.0018,2.95E+16,991.42
3305,0.0039,6.54E+16,991.43
3310,0.0039,6.52E+16,991.45
3315,0,2.68E+14,991.46
3320,0.0001,1.00E+15,991.46
3325,0.0035,5.87E+16,991.47
3330,0.0046,7.79E+16,991.49
3335,0.009,1.52E+17,991.53
3340,0.0035,5.80E+16,991.56
3345,0.0035,5.95E+16,991.58
3350,0.008,1.35E+17,991.6
3355,0.0036,6.11E+16,991.63
3360,0.0052,8.84E+16,991.66
3365,0.0072,1.22E+17,991.69
3370,0.0039,6.66E+16,991.71
3375,0.0084,1.43E+17,991.74
3380,0.0051,8.67E+16,991.78
3385,0.0075,1.27E+17,991.81
3390,0.0098,1.68E+17,991.85
3395,0.0095,1.63E+17,991.9
3400,0.0125,2.14E+17,991.96
3405,0.0044,7.62E+16,992
3410,0.0071,1.21E+17,992.03
3415,0.0073,1.25E+17,992.06
3420,0.0131,2.26E+17,992.11
3425,0.01,1.72E+17,992.17
3430,0.0087,1.50E+17,992.22
3435,0.0115,1.99E+17,992.27
3440,0.008,1.39E+17,992.32
3445,0.0113,1.96E+17,992.37
3450,0.0111,1.93E+17,992.42
3455,0.0083,1.44E+17,992.47
3460,0.0125,2.18E+17,992.52
3465,0.0098,1.71E+17,992.58
3470,0.0122,2.14E+17,992.63
3475,0.0109,1.91E+17,992.69
3480,0.0112,1.96E+17,992.75
3485,0.0121,2.12E+17,992.8
3490,0.0104,1.83E+17,992.86
3495,0.0122,2.15E+17,992.92
3500,0.0119,2.09E+17,992.98
3505,0.0118,2.08E+17,993.04
3510,0.0119,2.11E+17,993.1
3515,0.0115,2.03E+17,993.15
3520,0.0121,2.14E+17,993.21
3525,0.0114,2.02E+17,993.27
3530,0.0111,1.97E+17,993.33
3535,0.0094,1.68E+17,993.38
3540,0.009,1.61E+17,993.43
3545,0.0095,1.70E+17,993.47
3550,0.0105,1.88E+17,993.52
3555,0.009,1.62E+17,993.57
3560,0.0108,1.93E+17,993.62
3565,0.0108,1.94E+17,993.67
3570,0.0083,1.49E+17,993.72
3575,0.0086,1.55E+17,993.76
3580,0.0102,1.83E+17,993.81
3585,0.0091,1.65E+17,993.86
3590,0.0094,1.70E+17,993.91
3595,0.0096,1.75E+17,993.95
3600,0.0102,1.85E+17,994
3605,0.0103,1.87E+17,994.06
3610,0.0095,1.72E+17,994.1
3615,0.0094,1.72E+17,994.15
3620,0.0116,2.11E+17,994.2
3625,0.0102,1.86E+17,994.26
3630,0.0099,1.81E+17,994.31
3635,0.0103,1.88E+17,994.36
3640,0.0114,2.10E+17,994.41
3645,0.0106,1.94E+17,994.47
3650,0.0101,1.86E+17,994.52
3655,0.0109,2.01E+17,994.57
3660,0.0109,2.01E+17,994.63
3665,0.0102,1.89E+17,994.68
3670,0.0079,1.46E+17,994.73
3675,0.0048,8.91E+16,994.76
3680,0.0083,1.54E+17,994.79
3685,0.0094,1.75E+17,994.83
3690,0.0097,1.80E+17,994.88
3695,0.0101,1.88E+17,994.93
3700,0.0108,2.02E+17,994.98
3705,0.0107,2.00E+17,995.04
3710,0.0093,1.74E+17,995.09
3715,0.0092,1.72E+17,995.13
3720,0.0103,1.94E+17,995.18
3725,0.0107,2.00E+17,995.24
3730,0.0092,1.74E+17,995.29
3735,0.0086,1.61E+17,995.33
3740,0.0088,1.66E+17,995.37
3745,0.0103,1.94E+17,995.42
3750,0.0093,1.75E+17,995.47
3755,0.009,1.70E+17,995.52
3760,0.0088,1.67E+17,995.56
3765,0.0085,1.62E+17,995.6
3770,0.0091,1.73E+17,995.65
3775,0.009,1.72E+17,995.69
3780,0.0095,1.82E+17,995.74
3785,0.0088,1.67E+17,995.79
3790,0.0077,1.48E+17,995.83
3795,0.0088,1.69E+17,995.87
3800,0.0098,1.88E+17,995.92
3805,0.0093,1.78E+17,995.96
3810,0.0082,1.58E+17,996.01
3815,0.0077,1.49E+17,996.05
3820,0.0096,1.85E+17,996.09
3825,0.0095,1.83E+17,996.14
3830,0.0096,1.84E+17,996.19
3835,0.0077,1.48E+17,996.23
3840,0.0089,1.73E+17,996.27
3845,0.0088,1.70E+17,996.31
3850,0.0088,1.71E+17,996.36
3855,0.0085,1.65E+17,996.4
3860,0.008,1.55E+17,996.44
3865,0.0081,1.57E+17,996.48
3870,0.0073,1.43E+17,996.52
3875,0.0067,1.32E+17,996.56
3880,0.0065,1.27E+17,996.59
3885,0.0068,1.32E+17,996.62
3890,0.0069,1.34E+17,996.66
3895,0.0075,1.46E+17,996.69
3900,0.0079,1.55E+17,996.73
3905,0.0079,1.55E+17,996.77
3910,0.0071,1.40E+17,996.81
3915,0.007,1.37E+17,996.84
3920,0.0069,1.37E+17,996.88
3925,0.0068,1.35E+17,996.91
3930,0.007,1.39E+17,996.95
3935,0.0073,1.45E+17,996.98
3940,0.0074,1.46E+17,997.02
3945,0.0075,1.49E+17,997.06
3950,0.0076,1.51E+17,997.09
3955,0.0077,1.53E+17,997.13
3960,0.0077,1.54E+17,997.17
3965,0.0078,1.55E+17,997.21
3970,0.0077,1.53E+17,997.25
3975,0.0075,1.50E+17,997.29
3980,0.0074,1.48E+17,997.32
3985,0.0074,1.49E+17,997.36
3990,0.0074,1.48E+17,997.4
3995,0.0072,1.45E+17,997.43
4000,0.0071,1.43E+17,997.47
